{
  "teams" : [
    {
      "schoolName": "University of Texas at Austin",
      "clubName": "Longhorn Cubing Club",
      "members": [
          [
              "Jeremy Sheng",
              "2019SHEN10"
          ],
          [
              "Jason Lee",
              "2015LEEJ12"
          ],
          [
              "Azhar Virani",
              "2015VIRA02"
          ]
      ]
  },
  {
      "schoolName": "Miami University",
      "clubName": "Miami University Cubing Association",
      "members": [
          [
              "Harsha Paladugu",
              "2017PALA08"
          ],
          [
              "Emery McFeeter",
              "2019MCFE01"
          ],
          [
              "Joey Reindl",
              "2023REIN03"
          ]
      ]
  },
  {
      "schoolName": "University of California, Davis",
      "clubName": "Davis Cube Club",
      "members": [
          [
              "Jacob Marinas",
              "2016MARI14"
          ],
          [
              "Yuki Nomura",
              "2019NOMU01"
          ],
          [
              "Brandon Lugtu",
              "2012LUGT01"
          ]
      ]
  },
  {
      "schoolName": "University of Houston",
      "clubName": "UH Cubing Club",
      "members": [
          [
              "Derek Herrera",
              "2018HERR19"
          ],
          [
              "Thomas Tran",
              "2016THAN01"
          ],
          [
              "Jacob Nguyen",
              "2018NGUY05"
          ]
      ]
  },
  {
      "schoolName": "UW Madison",
      "clubName": "Rubik's Cube Club - UW Madison",
      "members": [
          [
              "Zeke Mackay",
              "2015MACK06"
          ],
          [
              "Carter Kucala",
              "2015KUCA01"
          ],
          [
              "Mihir Narayan",
              "2018NARA14"
          ]
      ]
  },
  {
      "schoolName": "University of Southern California",
      "clubName": "CubeSC",
      "members": [
          [
              "Jack Waterman",
              "2023WATE03"
          ],
          [
              "Richard Peng",
              "2019PENG02"
          ],
          [
              "Liv Coverdale",
              "2022COVE02"
          ]
      ]
  },
  {
      "schoolName": "UC Berkeley",
      "clubName": "Rubik's Cube Club at Berkeley",
      "members": [
          [
              "Heidi Chan",
              "2018CHAN50"
          ],
          [
              "Calix Tang",
              "2015TANG04"
          ],
          [
              "Ethan Jan",
              "2014JANE02"
          ]
      ]
  },
  {
      "schoolName": "Georgia Tech",
      "clubName": "GT Cubing",
      "members": [
          [
              "Justin Barker",
              "2013BARK01"
          ],
          [
              "Vishwa Sankar",
              "2017SANK04"
          ],
          [
              "Shahir Latif",
              "2023LATI02"
          ]
      ]
  },
  {
      "schoolName": "Vanderbilt University",
      "clubName": "Vanderbilt Cube Club",
      "members": [
          [
              "Thomas Pham",
              "2023PHAM02"
          ],
          [
              "Marcus Kamen",
              "2015KAME02"
          ],
          [
              "Jonathan Tilahun",
              "2014TILA01"
          ]
      ]
  }
  ],
  "participant": [
    {
      "id": 0,
      "tournament_id": 0,
      "name": "UW-Madison"
    },
    {
      "id": 1,
      "tournament_id": 0,
      "name": "UC Berkeley"
    },
    {
      "id": 2,
      "tournament_id": 0,
      "name": "The Ohio State University"
    },
    {
      "id": 3,
      "tournament_id": 0,
      "name": "UNC Chapel Hill"
    },
    {
      "id": 4,
      "tournament_id": 0,
      "name": "University of Texas at Austin"
    },
    {
      "id": 5,
      "tournament_id": 0,
      "name": "Georgia Tech"
    },
    {
      "id": 6,
      "tournament_id": 0,
      "name": "UCLA"
    },
    {
      "id": 7,
      "tournament_id": 0,
      "name": "Penn State University"
    },
    {
      "id": 8,
      "tournament_id": 0,
      "name": "Vanderbilt University"
    },
    {
      "id": 9,
      "tournament_id": 0,
      "name": "UC Davis"
    },
    {
      "id": 10,
      "tournament_id": 0,
      "name": "Tufts University"
    },
    {
      "id": 11,
      "tournament_id": 0,
      "name": "UC San Diego"
    },
    {
      "id": 12,
      "tournament_id": 0,
      "name": "University of Maryland"
    },
    {
      "id": 13,
      "tournament_id": 0,
      "name": "Auburn University"
    },
    {
      "id": 14,
      "tournament_id": 0,
      "name": "UC Santa Barbara"
    },
    {
      "id": 15,
      "tournament_id": 0,
      "name": "University of Houston"
    },
    {
      "id": 16,
      "tournament_id": 0,
      "name": "UC Irvine"
    },
    {
      "id": 17,
      "tournament_id": 0,
      "name": "University of Nevada Reno"
    },
    {
      "id": 18,
      "tournament_id": 0,
      "name": "NYU"
    },
    {
      "id": 19,
      "tournament_id": 0,
      "name": "Florida State University"
    },
    {
      "id": 20,
      "tournament_id": 0,
      "name": "UNC Charlotte"
    },
    {
      "id": 21,
      "tournament_id": 0,
      "name": "UMBC"
    },
    {
      "id": 22,
      "tournament_id": 0,
      "name": "Rice University"
    },
    {
      "id": 23,
      "tournament_id": 0,
      "name": "University of Alabama"
    },
    {
      "id": 24,
      "tournament_id": 0,
      "name": "UCF"
    },
    {
      "id": 25,
      "tournament_id": 0,
      "name": "University of Southern California"
    },
    {
      "id": 26,
      "tournament_id": 0,
      "name": "Miami University"
    },
    {
      "id": 27,
      "tournament_id": 0,
      "name": "Mississippi State University"
    },
    {
      "id": 28,
      "tournament_id": 0,
      "name": "BYE 29"
    },
    {
      "id": 29,
      "tournament_id": 0,
      "name": "BYE 30"
    },
    {
      "id": 30,
      "tournament_id": 0,
      "name": "BYE 31"
    },
    {
      "id": 31,
      "tournament_id": 0,
      "name": "BYE 32"
    }
  ],
  "stage": [
    {
      "id": 0,
      "tournament_id": 0,
      "name": " ",
      "type": "single_elimination",
      "number": 1,
      "settings": {
        "seedOrdering": [
          "inner_outer"
        ],
        "consolationFinal": false,
        "matchesChildCount": 0,
        "size": 32
      }
    }
  ],
  "group": [
    {
      "id": 0,
      "stage_id": 0,
      "number": 1
    }
  ],
  "round": [
    {
      "id": 0,
      "number": 1,
      "stage_id": 0,
      "group_id": 0
    },
    {
      "id": 1,
      "number": 2,
      "stage_id": 0,
      "group_id": 0
    },
    {
      "id": 2,
      "number": 3,
      "stage_id": 0,
      "group_id": 0
    },
    {
      "id": 3,
      "number": 4,
      "stage_id": 0,
      "group_id": 0
    },
    {
      "id": 4,
      "number": 5,
      "stage_id": 0,
      "group_id": 0
    }
  ],
  "match": [
    {
    "id": 0,
      "number": 1,
      "stage_id": 0,
      "group_id": 0,
      "round_id": 0,
      "child_count": 0,
      "status": 4,
      "opponent1": {
        "id": 0,
        "position": 1,
        "result": "win"
      },
      "opponent2": {
        "id": 31,
        "position": 32,
        "result": "loss"
    }
    },
    {
      "id": 1,
      "number": 2,
      "stage_id": 0,
      "group_id": 0,
      "round_id": 0,
      "child_count": 0,
      "status": 2,
      "opponent1": {
        "id": 15,
        "position": 16,
        "result":"win"
      },
      "opponent2": {
        "id": 16,
        "position": 17,
        "result": "loss"
      }
    },
    {
      "id": 2,
      "number": 3,
      "stage_id": 0,
      "group_id": 0,
      "round_id": 0,
      "child_count": 0,
      "status": 2,
      "opponent1": {
        "id": 7,
        "position": 8,
        "result": "win"
      },
      "opponent2": {
        "id": 24,
        "position": 25,
        "result": "loss"
      }
    },
    {
      "id": 3,
      "number": 4,
      "stage_id": 0,
      "group_id": 0,
      "round_id": 0,
      "child_count": 0,
      "status": 2,
      "opponent1": {
        "id": 8,
        "position": 9,
        "result": "win"
      },
      "opponent2": {
        "id": 23,
        "position": 24,
        "result": "loss"
      }
    },
    {
      "id": 4,
      "number": 13,
      "stage_id": 0,
      "group_id": 0,
      "round_id": 0,
      "child_count": 0,
      "status": 2,
      "opponent1": {
        "id": 1,
        "position": 2,
        "result": "win"
      },
      "opponent2": {
        "id": 30,
        "position": 31,
        "result": "loss"
      }
    },
    {
      "id": 5,
      "number": 14,
      "stage_id": 0,
      "group_id": 0,
      "round_id": 0,
      "child_count": 0,
      "status": 2,
      "opponent1": {
        "id": 14,
        "position": 15,
        "result": "win"
      },
      "opponent2": {
        "id": 17,
        "position": 18,
        "result": "loss"
      }
    },
    {
      "id": 6,
      "number": 15,
      "stage_id": 0,
      "group_id": 0,
      "round_id": 0,
      "child_count": 0,
      "status": 2,
      "opponent1": {
        "id": 6,
        "position": 7,
        "result": "win"
      },
      "opponent2": {
        "id": 25,
        "position": 26,
        "result": "loss"
      }
    },
    {
      "id": 7,
      "number": 16,
      "stage_id": 0,
      "group_id": 0,
      "round_id": 0,
      "child_count": 0,
      "status": 2,
      "opponent1": {
        "id": 9,
        "position": 10,
        "result": "win"
      },
      "opponent2": {
        "id": 22,
        "position": 23,
        "result": "loss"
      }
    },
    {
      "id": 8,
      "number": 9,
      "stage_id": 0,
      "group_id": 0,
      "round_id": 0,
      "child_count": 0,
      "status": 2,
      "opponent1": {
        "id": 2,
        "position": 3,
        "result": "win"
      },
      "opponent2": {
        "id": 29,
        "position": 30,
        "result": "loss"
      }
    },
    {
      "id": 9,
      "number": 10,
      "stage_id": 0,
      "group_id": 0,
      "round_id": 0,
      "child_count": 0,
      "status": 2,
      "opponent1": {
        "id": 13,
        "position": 14,
        "result": "loss"
      },
      "opponent2": {
        "id": 18,
        "position": 19,
        "result": "win"
      }
    },
    {
      "id": 10,
      "number": 11,
      "stage_id": 0,
      "group_id": 0,
      "round_id": 0,
      "child_count": 0,
      "status": 2,
      "opponent1": {
        "id": 5,
        "position": 6,
        "result": "win"
      },
      "opponent2": {
        "id": 26,
        "position": 27,
        "result": "loss"
      }
    },
    {
      "id": 11,
      "number": 12,
      "stage_id": 0,
      "group_id": 0,
      "round_id": 0,
      "child_count": 0,
      "status": 2,
      "opponent1": {
        "id": 10,
        "position": 11,
        "result": "win"
      },
      "opponent2": {
        "id": 21,
        "position": 22,
        "result": "loss"
      }
    },
    {
      "id": 12,
      "number": 5,
      "stage_id": 0,
      "group_id": 0,
      "round_id": 0,
      "child_count": 0,
      "status": 2,
      "opponent1": {
        "id": 3,
        "position": 4,
        "result": "win"
      },
      "opponent2": {
        "id": 28,
        "position": 29,
        "result": "loss"
      }
    },
    {
      "id": 13,
      "number": 6,
      "stage_id": 0,
      "group_id": 0,
      "round_id": 0,
      "child_count": 0,
      "status": 2,
      "opponent1": {
        "id": 12,
        "position": 13,
        "result": "win"
      },
      "opponent2": {
        "id": 19,
        "position": 20,
        "result": "loss"
      }
    },
    {
      "id": 14,
      "number": 7,
      "stage_id": 0,
      "group_id": 0,
      "round_id": 0,
      "child_count": 0,
      "status": 2,
      "opponent1": {
        "id": 4,
        "position": 5,
        "result": "win"
      },
      "opponent2": {
        "id": 27,
        "position": 28,
        "result": "loss"
      }
    },
    {
      "id": 15,
      "number": 8,
      "stage_id": 0,
      "group_id": 0,
      "round_id": 0,
      "child_count": 0,
      "status": 2,
      "opponent1": {
        "id": 11,
        "position": 12,
        "result": "win"
      },
      "opponent2": {
        "id": 20,
        "position": 21,
        "result": "loss"
      }
    },
    {
      "id": 16,
      "number": 1,
      "stage_id": 0,
      "group_id": 0,
      "round_id": 1,
      "child_count": 0,
      "status": 0,
      "opponent1": {
        "id": 0,
        "result":"win"
      },
      "opponent2": {
        "id": 15,
        "result":"loss"
      }
    },
    {
      "id": 17,
      "number": 2,
      "stage_id": 0,
      "group_id": 0,
      "round_id": 1,
      "child_count": 0,
      "status": 0,
      "opponent1": {
        "id": 7,
        "result": "loss"
      },
      "opponent2": {
        "id": 8,
        "result": "win"
      }
    },
    {
      "id": 18,
      "number": 3,
      "stage_id": 0,
      "group_id": 0,
      "round_id": 1,
      "child_count": 0,
      "status": 0,
      "opponent1": {
        "id": 3,
        "result":"win"
      },
      "opponent2": {
        "id": 12,
        "result":"loss"
      }
    },
    {
      "id": 19,
      "number": 4,
      "stage_id": 0,
      "group_id": 0,
      "round_id": 1,
      "child_count": 0,
      "status": 0,
      "opponent1": {
        "id": 4,
        "result": "win"
      },
      "opponent2": {
        "id": 11,
        "result": "loss"
      }
    },
    {
      "id": 20,
      "number": 5,
      "stage_id": 0,
      "group_id": 0,
      "round_id": 1,
      "child_count": 0,
      "status": 0,
      "opponent1": {
        "id": 2,
        "result": "win"
      },
      "opponent2": {
        "id": 18,
        "result": "loss"
      }
    },
    {
      "id": 21,
      "number": 6,
      "stage_id": 0,
      "group_id": 0,
      "round_id": 1,
      "child_count": 0,
      "status": 0,
      "opponent1": {
        "id": 5,
        "result":"win"
      },
      "opponent2": {
        "id": 10,
        "result":"loss"
      }
    },
    {
      "id": 22,
      "number": 7,
      "stage_id": 0,
      "group_id": 0,
      "round_id": 1,
      "child_count": 0,
      "status": 0,
      "opponent1": {
        "id": 1
      },
      "opponent2": {
        "id": 14
      }
    },
    {
      "id": 23,
      "number": 8,
      "stage_id": 0,
      "group_id": 0,
      "round_id": 1,
      "child_count": 0,
      "status": 0,
      "opponent1": {
        "id": 6,
        "result":"win"
      },
      "opponent2": {
        "id": 9,
        "result":"loss"
      }
    },
    {
      "id": 24,
      "number": 1,
      "stage_id": 0,
      "group_id": 0,
      "round_id": 2,
      "child_count": 0,
      "status": 0,
      "opponent1": {
        "id": 0
      },
      "opponent2": {
        "id": 8
      }
    },
    {
      "id": 25,
      "number": 2,
      "stage_id": 0,
      "group_id": 0,
      "round_id": 2,
      "child_count": 0,
      "status": 0,
      "opponent1": {
        "id": 3
      },
      "opponent2": {
        "id": 4
      }
    },
    {
      "id": 26,
      "number": 3,
      "stage_id": 0,
      "group_id": 0,
      "round_id": 2,
      "child_count": 0,
      "status": 0,
      "opponent1": {
        "id": 2
      },
      "opponent2": {
        "id": 5
      }
    },
    {
      "id": 27,
      "number": 4,
      "stage_id": 0,
      "group_id": 0,
      "round_id": 2,
      "child_count": 0,
      "status": 0,
      "opponent1": {
        "id": 6
      },
      "opponent2": {
        "id": null
      }
    },
    {
      "id": 28,
      "number": 1,
      "stage_id": 0,
      "group_id": 0,
      "round_id": 3,
      "child_count": 0,
      "status": 0,
      "opponent1": {
        "id": null
      },
      "opponent2": {
        "id": null
      }
    },
    {
      "id": 29,
      "number": 2,
      "stage_id": 0,
      "group_id": 0,
      "round_id": 3,
      "child_count": 0,
      "status": 0,
      "opponent1": {
        "id": null
      },
      "opponent2": {
        "id": null
      }
    },
    {
      "id": 30,
      "number": 1,
      "stage_id": 0,
      "group_id": 0,
      "round_id": 4,
      "child_count": 0,
      "status": 0,
      "opponent1": {
        "id": null
      },
      "opponent2": {
        "id": null
      }
    }
  ],
  "match_game": []
}