{
  "matches": [
    {
      "matchDateTime":"2025-03-06T20:00:00",
      "matchId":"19",
      "watchLink": "19Khh1SbtwY",
      "indexToDisplay": 2,
      "refresh": false,
      "scrambles": [
        [
          "F2 L2 F2 U2 F R2 D2 B' D2 U2 R2 F2 R' D' B F L' F U B2",
          "R F' U2 F U' F2 U F2 L' B' U2 D L2 B2 L2 F2 U L2 D2 B2 D",
          "U F' U2 D B' L' F2 U' L D2 F U2 F' R2 F2 B2 D2 L2 F2",
          "F2 B R F2 D' F L2 B' R2 F2 D2 R2 F2 U2 R' L2 F2 R D2 R2 U'",
          "U2 D L D2 L D2 L U2 F U D F2 D' R2 B2 R2 B2 U' B2 L2 U2",
          "B' D2 R2 D2 B2 D2 F D2 B R2 B2 R' F2 D' B U' L' R D' F"
        ],
        [
          "U' R B U' R2 B U' L B2 D2 F' R2 D2 R2 B L2 U2 B D2 F",
          "R2 L' D R2 U2 F' L U' D2 F D2 L2 U2 R2 D' R2 U' F2 D2 F2",
          "R2 D U F2 L2 B2 L2 D' B2 D F2 U' R D' R D F' L D' R'",
          "U2 B' L B' L' D L D' F R2 U2 D' R2 L2 U R2 D B2 D2 F2 B2",
          "L F' B2 D' B2 D2 L2 D B2 U2 F2 R2 U B2 R' U F2 U' F' L2 B2",
          "B2 D2 B' L2 B' D2 F D2 L2 R2 F' U2 R' B2 F D' R' F U2 R2"
        ],
        [
          "R2 F2 U R' F D R2 L' F' R2 L2 U' F2 U2 F2 D' R2 F2 B2 D B2",
          "U' B2 L2 B2 D' R2 U B2 D' R2 U' F2 L' B R2 F R2 U L2 R' F'",
          "U' R U L' F' U' D F U2 B2 L2 F2 U F2 U2 F2 D L2 D' B",
          "D F' R U2 L U2 R' L2 U L2 B2 U2 B2 D B2 D B2 R2 F2 R B2",
          "D2 F L F2 D R' L2 U F' R2 U2 R2 F2 U' B2 D R2 L2 D' B2 U",
          "U D' R' F' R' L F' U R L2 D2 R2 U2 F R2 F R2 F D2 F2"
        ]
      ],
      "team1": {
        "currentIndex": 2,
        "names": [
          "Azhar Virani",
          "Jeremy Sheng",
          "Jason Lee"
        ],
        "scrambleIndex": 5,
        "status": {
          "competitorMayStart": false,
          "scrambleChecked": false
        },
        "teamName": "University of Texas at Austin",
        "times": [
          [
            7.98,
            8.56,
            9.26,
            7.29,
            10.22
          ],
          [
            6.45,
            8.48,
            10.24,
            8.55,
            8.28
          ],
          [
            7.99,
            9.77,
            8.97,
            8.85,
            7.64
          ]
        ]
      },
      "team2": {
        "currentIndex": 2,
        "names": [
          "Jimbo Cai",
          "Christian Tambriz",
          "Kavin Tangtartharakul"
        ],
        "scrambleIndex": 5,
        "status": {
          "competitorMayStart": false,
          "scrambleChecked": false
        },
        "teamName": "UC San Diego",
        "times": [
          [
            12.13,
            11.03,
            8.85,
            9.56,
            15.22
          ],
          [
            8.53,
            10.13,
            7.73,
            9.44,
            10.13
          ],
          [
            8.61,
            10.62,
            6.55,
            9.15,
            8.06
          ]
        ]
      }
    },
    {
      "matchDateTime":"2025-03-01T18:30:00",
      "matchId":"18",
      "watchLink": "mVKDXeWGwfs",
      "indexToDisplay": 2,
      "refresh": true,
      "scrambles": [
        [
          "R F D B L B2 D' R2 F' L2 F2 D2 B D2 F' L2 B2 U2 L2 R D",
          "F' R' B U' D L B R D F2 U R2 U B2 L2 F2 D L2 U' B2",
          "R2 L B2 D2 L' F' D' U2 R2 U2 R D2 F2 R' B2 U2 L2 F2 D R",
          "D F' L2 B2 D F' U R L' F2 L B2 R F2 L' B2 D2 F2 B2",
          "F2 B R' D R2 L' F D2 F D R2 U R2 U2 R2 D R2 B2 L2 U2"
        ],
        [
          "F' D U R2 D' L2 R2 U2 F2 U' B U2 L' D' R' U L B' L'",
          "R D B2 L B U R' U D2 B2 R2 B2 L' B2 D2 R2 D2 R F2 D2 B",
          "L' B2 D2 U2 F2 R' D2 U2 B2 L R2 D2 B' U B2 L F2 U2 B' D R",
          "U2 D F2 B' U F D L2 F L2 F' D2 R2 F D2 R2 F B R2 L",
          "U R2 U F U2 F' U' B2 L U L2 U2 R2 B2 U' F2 B2 R2 F2 D2",
          "D F U B U B2 L D R' U2 F2 U2 L2 F2 R2 U2 B2 U' F2 R2 D2"
        ],
        [
          "R2 U2 F R' D2 B R' B R2 U R2 F2 L2 U' F2 D B2 D2 F",
          "B D B D' F L2 B F2 R' D2 R F2 R2 L U2 L F2 U2 R' F' U'",
          "L2 B2 U R B' U2 R F L F2 R' B2 D2 L D2 L B2 L' F2 U2",
          "F2 L U2 R' B2 R F2 L' U2 R2 F2 R' B U' B' F' D2 R' B' D' U2",
          "D B2 D2 F2 U2 L2 D' F2 D' B2 U L D F D' R' F' U2 B' U' R2",
          "L U' B' R' L' B' U' B R' D2 F2 R2 L2 F2 R2 U F2 U' B2 D' R'",
          "F' D F2 D' L2 D R2 D B2 F2 U R2 U' B' D F R' U2 L2 B"
        ]
      ],
      "team1": {
        "currentIndex": 2,
        "names": [
          "Bhuvanesh Ganta",
          "Zachary Ochs",
          "Kerry Creech"
        ],
        "scrambleIndex": 6,
        "status": {
          "competitorMayStart": false,
          "misscramble": false,
          "scrambleChecked": false
        },
        "teamName": "UNC Chapel Hill",
        "times": [
          [
            10.83,
            7.91,
            10.89,
            8.53
          ],
          [
            7.85,
            9.18,
            8.51,
            7.4,
            8.15
          ],
          [
            11.88,
            8.19,
            5.23,
            9.59,
            7.61,
            7.35,
            7.43
          ]
        ]
      },
      "team2": {
        "currentIndex": 2,
        "names": [
          "Jed Silverman",
          "Sameer Chawla",
          "Sanzhar Beisembayev"
        ],
        "scrambleIndex": 6,
        "status": {
          "competitorMayStart": false,
          "misscramble": false,
          "scrambleChecked": false
        },
        "teamName": "University of Maryland",
        "times": [
          [
            14.48,
            11.08,
            14.74,
            8.89
          ],
          [
            -1,
            8.15,
            15.65,
            12.62,
            10.03
          ],
          [
            9.54,
            8.77,
            7.1,
            8.23,
            7.42,
            8.88,
            8.95
          ]
        ]
      }
    },
    {
      "matchDateTime":"2025-02-27T19:00:00",
      "matchId":"23",
      "watchLink": "NXSP9icQKqI",
      "indexToDisplay": 2,
      "refresh": true,
      "scrambles": [
        [
          "L' B' R2 B2 D2 L2 B2 U R2 F2 D2 U' R2 D2 F' R' D U' R2 U2 L",
          "R2 F2 R' B2 U' B' R' F' U' B2 U R2 U2 R2 L2 D' R2 F2 R2 D B",
          "U2 L U' B R2 U' L U2 F2 R2 B2 R2 U F2 U2 B2 D' B2 F D'",
          "L' F2 R F2 R F2 D2 U2 R U2 R' F2 U' F R' B' L2 B' U2 L F'",
          "U L' B L F R2 F2 D' R' F D F2 U L2 D R2 U' R2 B2 D2 B2",
          "L' U F2 D' L2 R2 B2 L2 R2 D' B2 U' L' F L' B2 R' B R",
          "F L' D2 B U L B U2 F2 R' U2 R' L2 F2 D2 R2 B"
        ],
        [
          "U2 B2 U2 F2 L' F' D' B L B2 U' L2 D F2 U2 L2 U F2 L2 B2 R2",
          "U R' B' R U D2 F' L2 D L2 B2 L U2 D2 R' B2 U2 L2 F2",
          "D F U D2 L2 D' R' D' B' R2 U' R2 F2 D2 F2 R2 U R2 D' R2 F2",
          "U' F' D L' D2 F R' L' U' B2 R2 B R2 D2 F' R2 U2 L2 U2 R2 F'",
          "B' R' F2 B' U' F U2 D B' F2 R B2 R' U2 L D2 L D2 R' D2",
          "U' R' L' B' R L' F L D U2 R2 F U2 L2 F D2 L2 D2 B2 U2 F"
        ],
        [
          "R' B2 U F L' D' R L2 U B2 D F2 R2 U D' R2 F2 R2 B' U' F2",
          "R' L2 U B R D F2 L' U L2 D2 F L2 U2 B' L2 B' R2 L2 U2",
          "R2 B2 L U2 B2 L B2 D2 L R' D2 U L2 F' L D2 R2 D'",
          "R2 L2 F D' R U B R F2 U R2 U2 L2 U D2 R2 F2 D' R2 U' L",
          "L2 U' F' D B L' F2 D B' U' L2 D2 R2 U B2 R2 L2 D L2 D' R'",
          "U' B L2 B' R2 B L' B2 U' B2 D L2 D' R2 F2 U' L2 B2 U2 B",
          "U' F2 R2 L B2 U D2 B R2 F2 U2 B2 R2 U' F2 D' L2 U B2 D2 L"
        ]
      ],
      "team1": {
        "currentIndex": 2,
        "names": [
          "Yan Myo Aung",
          "Alan Kuo",
          "Shawn Zhuang"
        ],
        "scrambleIndex": 6,
        "status": {
          "competitorMayStart": false,
          "misscramble": false,
          "scrambleChecked": false
        },
        "teamName": "UCLA",
        "times": [
          [
            9.54,
            9.76,
            9.4,
            16.31,
            11.82,
            9.19
          ],
          [
            8.11,
            -1,
            8.09,
            7.37,
            9.49
          ],
          [
            7.78,
            7.11,
            7.03,
            9.05,
            9.31,
            8.49
          ]
        ]
      },
      "team2": {
        "currentIndex": 2,
        "names": [
          "Jacob Marinas",
          "Matthias Tam",
          "Yuki Nomura"
        ],
        "scrambleIndex": 6,
        "status": {
          "competitorMayStart": false,
          "misscramble": false,
          "scrambleChecked": false
        },
        "teamName": "UC Davis",
        "times": [
          [
            10,
            10.51,
            10.83,
            12.71,
            11.4,
            9.94
          ],
          [
            8.56,
            8.52,
            8.34,
            8.24,
            10.27
          ],
          [
            11.24,
            9.41,
            12.76,
            8.65,
            9.16,
            8.5
          ]
        ]
      }
    },
    {
      "matchDateTime":"2025-02-27T20:15:00",
      "matchId":"16",
      "watchLink": "rHGb-5F5ThI",
      "indexToDisplay": 2,
      "refresh": true,
      "scrambles": [
        [
          "U F' D R' U' L2 F' R2 F R2 F2 R' B2 R F2 L F2 U2 D2 B2 D2",
          "R2 D L B U F2 R2 B' U' L2 B2 D F2 B2 D R2 U F2 U R2 L",
          "R' B2 D L U F2 B D2 L2 B2 L' U2 R U2 L2 U2 F2 L F D' B2",
          "D2 R F2 U F D2 B' U2 D' L' U R2 F2 U2 R2 F2 R2 U2 B2 D B2",
          "D' L F2 U L U2 R D F' B2 U B2 U R2 D L2 U' L2 F2 U R2"
        ],
        [
          "F2 D' L2 D' F2 L' B' D R2 F R2 L2 F2 L2 F R2 F' U2 L2 F U",
          "D2 R' U' B' D R' U F' R L2 D2 F2 U2 D' L2 D2 R2 U' B2 R2 F2",
          "B U2 R B' R' B2 R' U L2 F2 L2 D' L2 U' L2 D2 F2 R2 L2 F L'",
          "F' D2 R2 U2 R' B2 L2 D2 F2 R2 F2 R' B F R' U B D2 R F2",
          "U2 L2 U B L U2 R U D2 R2 U' R2 L2 U R2 D' L2 F2 U' B U'",
          "F' U' B2 D' L2 U R2 B2 R2 F2 R2 D' R2 F D U2 F' L D2 F D",
          "R D F' B L' F B D2 L U' R2 B2 D2 L2 F2 U' L2 U' L2 B2"
        ],
        [
          "D' R L2 B U R2 B' R U2 L U2 R D2 L D2 F2 L2 U2 F D' B",
          "B' U' D' F' R D' L' U' R2 F2 B2 L B2 D2 R' U2 L2 D2 F2 L2 D",
          "R' U2 F' U' R2 F2 D' L R2 F2 U2 L2 F' R2 U2 R2 U2 F2 L2 R U2",
          "U' R' U D R' F R2 D' F U B2 L2 D' F2 B2 U' R2 U' B2 D2",
          "U' R2 L' F' D L' F L2 D2 F2 U2 F' U2 F L2 U2 B' U' R'",
          "F B2 L2 B D2 B' U2 R U R2 F2 U2 D' R2 U' B2 D R2 D R2 L",
          "R D F2 D' L B2 R2 D' U2 F' L2 D2 L2 B' L2 B' R2 F U2 F2 R"
        ]
      ],
      "team1": {
        "currentIndex": 2,
        "names": [
          "Carter Kucala",
          "Mihir Narayan",
          "Zeke Mackay"
        ],
        "scrambleIndex": 6,
        "status": {
          "competitorMayStart": false,
          "misscramble": false,
          "scrambleChecked": false
        },
        "teamName": "UW-Madison",
        "times": [
          [
            5.18,
            9.21,
            7.93,
            8.89
          ],
          [
            8.36,
            8.18,
            6.13,
            8.96,
            8.82,
            6.79
          ],
          [
            8.37,
            6.34,
            7.54,
            7.39,
            8.37,
            6.9
          ]
        ]
      },
      "team2": {
        "currentIndex": 2,
        "names": [
          "Jacob Nguyen",
          "Thomas Tran",
          "Derek Herrera"
        ],
        "scrambleIndex": 6,
        "status": {
          "competitorMayStart": false,
          "misscramble": false,
          "scrambleChecked": false
        },
        "teamName": "University of Houston",
        "times": [
          [
            13.04,
            11.66,
            15.43,
            17.9
          ],
          [
            9.38,
            -1,
            7.59,
            7.66,
            8.07,
            9.13
          ],
          [
            7.48,
            7.76,
            7.33,
            11.83,
            10.32,
            7.98
          ]
        ]
      }
    },
    {
      "matchDateTime":"2025-02-22T12:00:00",
      "matchId":"20",
      "watchLink": "POOZXxXmXNI",
      "indexToDisplay": 2,
      "scrambles": [
        [
          "L U' D' R' D F D' R B' F2 U2 R F2 D2 B2 R2 F2 R2 L B2 D2",
          "F B2 L2 U' B' L U' L F2 U2 B2 L2 U2 B2 L2 D R2 L2 U' L' F'",
          "B2 R F' U' F R' F' D B' U2 F2 D2 L2 B R2 F2 L2 B' R' U2",
          "U2 L U D' R2 B L2 F D2 R' U2 R2 L B2 U2 L' B2 D2 L' B2 U",
          "B2 D R F U R' U2 L F' U' L2 D' B2 U2 F2 R2 F2 D L2 B2 F"
        ],
        [
          "B U F D L F2 D U2 R2 B' L2 B U2 L2 B' U2 L2 F R B2",
          "L2 D' B D L U2 F U' R2 D2 F2 D2 L2 U R2 U' R2 D2 R' F2",
          "L B R2 D R' U L' F' B2 R2 D' B2 R2 D' L2 B2 D2 R2 L2 F2 L'",
          "U' R D' L' D B R D U2 B' U2 B R2 D2 F U2 B' D2 L2 D' R2",
          "U' F2 U' B R2 D B2 L U D2 R' F2 L U2 B2 U2 R' U2 L2 B2 L"
        ],
        [
          "B' D B' L U' F' D' B2 D2 L F2 L D2 L D2 B2 D2 L2 B D'",
          "D2 F D2 L U2 L' B2 D2 L2 D2 L U2 R F U' F2 U B2 U F'",
          "D2 L' U2 D' F2 R' D' F L U2 B2 U B2 D B2 D' L2 F2 U' R2 L2",
          "R D' F R B R L' U B R2 F2 U2 L D2 L F2 R F2 B2 R2 U'",
          "U' F2 B2 U2 L U F R L' D2 R2 L2 B2 U L2 U' B2 L2 B2 U2"
        ]
      ],
      "team1": {
        "currentIndex": 2,
        "names": [
          "Jacob Bennett",
          "Jack Bohning",
          "Jack Pfeifer"
        ],
        "scrambleIndex": 4,
        "status": {
          "competitorMayStart": false,
          "misscramble": false,
          "scrambleChecked": false
        },
        "teamName": "The Ohio State University",
        "times": [
          [
            7.67,
            10.24,
            8.35,
            6.34
          ],
          [
            8.69,
            7.74,
            7.74,
            8.99
          ],
          [
            8.73,
            7.63,
            9.24,
            7.21
          ]
        ]
      },
      "team2": {
        "currentIndex": 2,
        "names": [
          "McLain Adams",
          "Daniel Sun",
          "David Zhao"
        ],
        "scrambleIndex": 4,
        "status": {
          "competitorMayStart": false,
          "scrambleChecked": false
        },
        "teamName": "NYU",
        "times": [
          [
            13.35,
            11.15,
            12.4,
            13.19
          ],
          [
            10.62,
            17.37,
            14.12,
            15.3
          ],
          [
            12.43,
            11.47,
            10.71,
            11.9
          ]
        ]
      }
    },
    {
      "matchDateTime":"2025-02-20T21:00:00",
      "matchId":"17",
      "watchLink": "U08icNCqsdM",
      "indexToDisplay": 2,
      "killSwitch": true,
      "scrambles": [
        [
          "D' R B2 R' D2 U2 B2 U2 L2 D2 L B2 R D B U' F R2 U' L U'",
          "U L' F D2 F2 B' D B D' B2 D R2 D2 F2 B2 R2 U' B2 D R F'",
          "F2 L2 R2 D R2 B2 R2 F2 U2 F2 D L' F' D2 U B' R' D R' F2",
          "L2 U2 L2 F2 D R2 U B2 U' F2 U' R2 L F2 D2 B F' L' U B2 F'",
          "D' F' R' B R D2 B R' D R2 D R2 L2 D R2 D' R",
          "U F2 R2 U' R B2 U L2 B' L B2 R2 U L2 D2 F2 L2 D F2 D"
        ],
        [
          "R B' D2 R D2 F2 L D B F2 D F2 U L2 B2 D R2 D2 R2 F'",
          "F2 D R2 U' R2 D B2 D R2 U2 B2 R2 F' D' R F2 D2 L R' U'",
          "F' R2 L2 D B' R F R L U2 L2 D2 B2 D2 R' F2 U2 R2 D F",
          "U2 R2 B2 D2 B' D2 L2 F' L2 F U2 L F D' R2 U R U2 R2 F2",
          "R' U B2 D2 L F D L B2 U' F2 R2 U2 D' R2 U2 F2 B2 L2 B' R",
          "R D B U R' B' L D F R2 D2 R2 L2 U' F2 R2 U B2 R2 B2 D2"
        ],
        [
          "F R2 B' L' B' L' F2 L' B U2 B2 L2 D' B2 U2 R2 B2 U' B2 L2 B2",
          "R' U' L B2 U F' L U' B2 L2 F2 D F2 U2 L2 F2 D' B2 U2 B R",
          "F R2 B U2 B2 D2 B R2 B' R2 F2 U' L' R' F2 U' B' D2 F U2",
          "B' L2 D F D2 B U R' U2 R2 D L2 F2 D L2 U' L2 D B2 R",
          "D2 L2 B2 D F U2 D' R B' L2 U' L2 U' B2 R2 D B2 L2 D' F2 D",
          "D2 B' U2 F D2 F' D2 B2 L2 D2 B2 L2 U B L B' F' L2 U B2 F2"
        ]
      ],
      "team1": {
        "currentIndex": 2,
        "names": [
          "Alfonsus Rahardjo",
          "Graham Lively",
          "Toby Waters"
        ],
        "scrambleIndex": 5,
        "status": {
          "competitorMayStart": false,
          "misscramble": false,
          "scrambleChecked": false
        },
        "teamName": "Penn State University",
        "times": [
          [
            10.2,
            11.54,
            9.69,
            11.65,
            9.26
          ],
          [
            9.38,
            9.61,
            10.7,
            6.93,
            10.47
          ],
          [
            7.55,
            7.05,
            7.94,
            8.13,
            7.27
          ]
        ]
      },
      "team2": {
        "currentIndex": 2,
        "names": [
          "Jonathan Tilahun",
          "Thomas Pham",
          "Marcus Kamen"
        ],
        "scrambleIndex": 5,
        "status": {
          "competitorMayStart": false,
          "misscramble": false,
          "scrambleChecked": false
        },
        "teamName": "Vanderbilt University",
        "times": [
          [
            12.21,
            9.57,
            6.45,
            7.74,
            7.59
          ],
          [
            7.41,
            9.52,
            9.26,
            9.52,
            8.64
          ],
          [
            8.57,
            6.97,
            8.74,
            9.31,
            9.49
          ]
        ]
      }
    },
    {
      "matchDateTime":"2025-02-20T19:30:00",
      "matchId":"21",
      "watchLink": "-lBvI26vs4M",
      "indexToDisplay": 2,
      "killSwitch": false,
      "refresh": true,
      "scrambles": [
        [
          "L' F' U F B2 R2 L' F U B R2 D L2 F2 D B2 R2 F2 R2 U' F2",
          "L B' F2 R2 F2 R2 D2 U' L2 B2 D' L2 F2 U2 F D L2 R' B' L D",
          "F L F2 B2 L2 U' B' L' U' L2 D' L2 U' R2 U R2 D' B2 U2 B",
          "F' R' F' R U2 B' R' F L U2 L2 U2 D F2 D' R2 U2 R2 F2 L2 D'",
          "F U2 R2 U D B L' F L2 U' L2 D2 B2 R2 U' F2 D' L2 U' F2 L'"
        ],
        [
          "L B R U' F2 U2 R2 F L2 F2 U L2 B2 D L2 D L2 D B2 R' U'",
          "F' R' F' D2 L2 B' U R U2 F' U2 D2 F' R2 F' D2 B' R2 F R2 U",
          "F2 L D' L F' L B D' B F2 L2 D2 B2 L2 B2 R2 D2 R U2 R2",
          "F B' L' U F' U2 R B F2 R' U2 L F2 R' L2 D2 R D'",
          "D' U2 L' D2 F2 R2 B2 L' F2 L' U2 B2 R D' L R2 U2 F D2 L2",
          "D' B D' B' L' F L2 U R B2 L2 U2 F2 D F2 R2 D2 R2 U' F2 D2"
        ],
        [
          "U' F' U' R2 D' R2 B2 U' F2 D2 L2 D' R2 U F' R U' L' F' L' U",
          "F2 U L2 F' B D' L U2 F U R2 D2 B2 U' L2 U R2 U' R2 D F2",
          "F2 B2 U R' F' D' B R B' D2 F2 D2 R2 F2 L B2 D2 R2 D2 L2",
          "U B U2 F' R U' F2 D R U R2 B2 D' F2 U L2 D L2 B2 R2 F2",
          "R L' D2 B2 U R B R2 B2 U F2 R2 F2 U' R2 B2 L2 B L",
          "F2 U' D F' R' B2 U B' U2 F' B D2 R2 F L2 U2 F' U2 B' L B'",
          "D2 R D' L' U B' R2 L' U2 R' U2 B2 D R2 F2 B2 D B2 R2 B2 R2"
        ]
      ],
      "team1": {
        "currentIndex": 2,
        "names": [
          "Shahir Latif",
          "Justin Barker",
          "Vishwa Sankar"
        ],
        "scrambleIndex": 6,
        "status": {
          "competitorMayStart": false,
          "misscramble": false,
          "scrambleChecked": false
        },
        "teamName": "Georgia Tech",
        "times": [
          [
            9.53,
            7.53,
            8.89,
            8.56
          ],
          [
            7.14,
            7.78,
            9.86,
            8.33,
            9.13
          ],
          [
            7.49,
            9.08,
            9.35,
            7.35,
            8.08,
            9.2
          ]
        ]
      },
      "team2": {
        "currentIndex": 2,
        "names": [
          "Zachary Miller",
          "Thiago Han",
          "Chris Yen"
        ],
        "scrambleIndex": 6,
        "status": {
          "competitorMayStart": false,
          "misscramble": false,
          "scrambleChecked": false
        },
        "teamName": "Tufts University",
        "times": [
          [
            12.89,
            9.18,
            11.47,
            11.95
          ],
          [
            11.46,
            7.38,
            12.38,
            14.1,
            9.75
          ],
          [
            9.09,
            6.71,
            6.66,
            8.82,
            7.3,
            6.25
          ]
        ]
      }
    },
    {
      "matchDateTime":"2025-02-15T15:00:00",
      "matchId":"9",
      "watchLink": "BhrlShLKc00",
      "indexToDisplay": 2,
      "killSwitch": true,
      "refresh": true,
      "scrambles": [
        [
          "D' F R F' U2 R' F L2 F' U2 B2 D F2 U F2 U2 R2 L2 B2 D2",
          "F2 R2 B L2 D R' U' B U2 L2 F2 L F2 R D2 R F2 U2 D2 R'",
          "R2 B L2 D2 F2 L2 U2 B' D2 U2 B U2 D F R U2 B' U' L' F R",
          "U L' U2 L2 F2 R' F2 R F2 R' U2 R D2 U B2 U2 R B' D' F L'",
          "R2 B' U2 L2 B' D2 F R2 D2 U2 B R2 D F2 D B' R B' D'"
        ],
        [
          "D2 R B' U' L' U2 R' U2 F' L2 B2 U2 L2 B2 U F2 D' F2 R2 U2",
          "F2 U L' F2 D R' B U' F2 D2 R2 F R2 F2 L2 F L2 D2 F",
          "B2 U2 L' U' B D2 R F U' D2 R' B2 L U2 B2 L F2 L' U2 F2 R",
          "D' U2 L2 F' L2 R2 F2 R2 B' D2 R2 U2 R2 D F R D B L U2 B2",
          "F' U2 B2 D2 B' U2 B R2 U2 F' L2 R2 U L' R2 F2 L D2 B U L",
          "L' F2 U F2 R' F' D' R2 F D2 F B2 R2 U2 F2 L2 F D2 F' R' D2",
          "B' D2 B2 U2 B R2 B' U2 B D2 R2 B R F L' F2 U2 L U R'"
        ],
        [
          "D F U2 D' R2 B' L' F' U' R U2 F2 B2 R' F2 R2 U2 F2 L' B2",
          "U F' L U' D R F' U2 R L F2 B2 R U2 D2 B2 R' F2 U2 B' D2",
          "L2 F U R' B D2 L U' F2 R2 L2 U R2 L2 D2 B2 U L2 D B L2",
          "B R' D' B' D' R2 D L' D2 F' D2 R2 U2 B2 U2 R2 F' U R",
          "R2 F2 D2 F2 L' F2 R' B2 L B2 D2 R D' R2 U2 B' D2 U' B2 R U"
        ]
      ],
      "team1": {
        "currentIndex": 2,
        "names": [
          "Luke Robinson",
          "Nate Hunter",
          "Kevin Min"
        ],
        "scrambleIndex": 4,
        "status": {
          "competitorMayStart": false,
          "misscramble": false,
          "scrambleChecked": false
        },
        "teamName": "Auburn University",
        "times": [
          [
            14.9,
            16.37,
            17.15,
            14.88
          ],
          [
            -1,
            9.41,
            10.71,
            13.38,
            8.25,
            10.48,
            14.72
          ],
          [
            9.61,
            8,
            10.17,
            9.08
          ]
        ]
      },
      "team2": {
        "currentIndex": 2,
        "names": [
          "Daniel Sun",
          "McLain Adams",
          "David Zhao"
        ],
        "scrambleIndex": 4,
        "status": {
          "competitorMayStart": false,
          "misscramble": false,
          "scrambleChecked": false
        },
        "teamName": "NYU",
        "times": [
          [
            13.73,
            10.88,
            12.2,
            13.13
          ],
          [
            12.52,
            10.16,
            10.32,
            12.74,
            10.13,
            14.02,
            10.51
          ],
          [
            12.09,
            10.63,
            11.47,
            12.17
          ]
        ]
      }
    },
    {
      "matchDateTime":"2025-02-13T18:00:00",
      "matchId":"2",
      "watchLink": "uGMPja7ahcE",
      "indexToDisplay": 2,
      "killSwitch": true,
      "refresh": false,
      "scrambles": [
        [
          "R L B2 R F2 B' L B R2 B U2 D2 R2 B R2 U2 F D2 B2 U'",
          "D R F R2 F U2 B U2 F L2 F' U2 F2 L' B2 F U R D' U'",
          "D B U2 F' U2 D' R L2 D2 F2 L2 B L2 F2 R2 F' D2 B2 L F'",
          "U2 R2 F' U L' U2 B R' F L D2 L2 B2 U D2 R2 U' F2 U' F2 L2",
          "B' L U R' U L2 F' R2 U B2 U' F2 D R2 D' B2 U' L2 U2 B' D'"
        ],
        [
          "U' R F2 L2 U2 R F U2 L2 U R2 B2 U' F2 U L2 F2 U F2 L F2",
          "D F' R' U2 L' B2 R2 U D2 F U' B2 U L2 D' R2 L2 D2 R2 F2",
          "F' B R U' B L' F R' L' U R2 U2 D2 F2 R2 L2 B' R2 F' R2 U2",
          "B U2 B2 R' B2 L B2 L2 F2 U2 L2 D2 R B U' R F D' B L'",
          "F D' F2 R2 B2 U' L2 D' B2 F2 D R2 D2 L B' L' R D B L B'"
        ],
        [
          "F D' B2 R2 U2 F2 R D' F' U2 L U2 F2 R B2 R2 U2 L U2 L' B2",
          "D2 F' U' F2 L' U' D' L B R U2 L' F2 U2 R2 D2 L' B2 L' F2 R",
          "U' L B R' D B L' D2 B F2 R2 B2 L2 D' F2 L2 F2 R2 D2 F2",
          "R' D L2 B2 R2 F2 D' F2 D L2 U2 F2 D' L' B F' U' L2 D L2 R",
          "B' L F B' R U D F2 D2 R2 U2 L U2 L' U2 L B2 R' D2 F"
        ]
      ],
      "team1": {
        "currentIndex": 2,
        "names": [
          "Alfonsus Rahardjo",
          "Graham Lively",
          "Toby Waters"
        ],
        "scrambleIndex": 4,
        "status": {
          "competitorMayStart": false,
          "misscramble": false,
          "scrambleChecked": false
        },
        "teamName": "Penn State University",
        "times": [
          [
            9.88,
            12.14,
            11.38,
            9.43
          ],
          [
            9.21,
            8.53,
            7.92,
            7.25
          ],
          [
            8.15,
            7.54,
            7.33,
            6.89
          ]
        ]
      },
      "team2": {
        "currentIndex": 2,
        "names": [
          "Blake Hines",
          "Alex Flores",
          "Santino \"Sonny\" Maiorino"
        ],
        "scrambleIndex": 4,
        "status": {
          "competitorMayStart": false,
          "misscramble": false,
          "scrambleChecked": false
        },
        "teamName": "University of Central Florida",
        "times": [
          [
            18.19,
            17.27,
            17.63,
            12.35
          ],
          [
            17.38,
            12.08,
            15.66,
            16.09
          ],
          [
            10.82,
            9.71,
            8.32,
            9.86
          ]
        ]
      }
    },
    {
      "matchDateTime":"2025-02-08T17:00:00",
      "matchId":"1",
      "watchLink": "eoU36HwvbSU",
      "indexToDisplay": 2,
      "killSwitch": true,
      "refresh": true,
      "scrambles": [
        [
          "B' D' L2 F2 L2 F2 U F2 D F2 U2 B2 U B R' U' L2 R' F' R",
          "R' F' B2 L F R D F U' R2 U2 B2 R' F2 L' U2 D2 F2 R F2 L",
          "R U B' U2 D L' D' B U' F2 D2 F2 D2 L2 F R2 B U2 L2 F2 U",
          "R F' L' B2 D2 B' L D L2 B2 U' D2 B2 U' L2 D R2 U' L2 F",
          "F' U' B2 D2 L2 F2 L2 B2 U' B2 D' F2 U' F' D L' D U F R' D2",
          "D' B2 U R2 D F2 D2 B2 D R2 B2 L2 F D' F D' F L' R D2"
        ],
        [
          "F2 L D B2 R F B' R2 U' R2 F2 U2 R B2 D2 L U2 R' U2 L F2",
          "F' L2 U2 L' B U R U2 F2 D L2 D' R2 D' L2 U' R2 F2 D2 L'",
          "U R2 D2 B' D2 F' U2 B D2 R2 D2 L2 B' L' B L' R' D F' D B",
          "D' R U2 B' U F B2 L' D L2 F R2 D2 L2 U2 F2 D2 B' D2 F' L2",
          "R D' L U' B' U2 B' L F B U' D' F2 D R2 F2 L2 F2 B2 U B2",
          "U2 R' F L' B L U R' B2 R' D2 R U2 R F2 L B2 R' B2 F' L"
        ],
        [
          "U' R' D R' D R' D R2 B U2 L B2 R2 L' D2 L' B2 D2 R U2",
          "F B2 R' D' B' R' L B D B R2 D2 F' L2 U2 B' L2 U2 B' D2",
          "U2 R B2 U' R L D2 F B2 R F2 U2 R F2 L2 B2 L U2 F2 L D'",
          "F' L2 D F' R2 L' U F D2 R F2 R L2 B2 D2 R' B2 R' F2 L' F",
          "F R U B' R2 U2 L' U2 B' L2 D2 R2 F R2 F2 B L'",
          "B' U2 L B' R U L R2 F2 R2 F2 L2 D2 F2 U B2 U B2 U2 R D",
          "B2 R U R' U' F L2 F' D U2 R2 F L2 B2 L2 D2 F2 D2 F' L2 F'"
        ]
      ],
      "team1": {
        "currentIndex": 2,
        "names": [
          "Jacob Nguyen",
          "Derek Herrera",
          "Thomas Tran"
        ],
        "scrambleIndex": 6,
        "status": {
          "competitorMayStart": false,
          "misscramble": false,
          "scrambleChecked": false
        },
        "teamName": "University of Houston",
        "times": [
          [
            -1,
            13.4,
            15.14,
            13.32,
            18.78
          ],
          [
            8.88,
            8.81,
            10,
            10.01,
            8.11
          ],
          [
            8.34,
            7.96,
            11.09,
            8.66,
            12.66,
            8.94
          ]
        ]
      },
      "team2": {
        "currentIndex": 2,
        "names": [
          "David Militante",
          "Anthony Ahn",
          "Alvin Liu"
        ],
        "scrambleIndex": 6,
        "status": {
          "competitorMayStart": false,
          "misscramble": false,
          "scrambleChecked": false
        },
        "teamName": "UC Irvine",
        "times": [
          [
            13.72,
            14.07,
            10.76,
            11.35,
            12.42
          ],
          [
            14.19,
            18.81,
            12.07,
            9.23,
            10.17
          ],
          [
            10.61,
            9.58,
            9.58,
            10.99,
            11.59,
            9.13
          ]
        ]
      }
    },
    {
      "matchDateTime":"2025-02-08T13:00:00",
      "matchId":"15",
      "watchLink": "WgIlFgQcUMg",
      "indexToDisplay": 2,
      "killSwitch": true,
      "refresh": false,
      "scrambles": [
        [
          "F L' U F B' U2 D R U F R2 U' B2 U F2 B2 U2 R2 D2 R2 D'",
          "D F' R' D L F2 U2 F' U L2 F2 U' D2 L2 F2 D B2 U2 R2 F2",
          "B' R' F' L' D F' R2 L D F D2 B L2 F2 B' L2 U2 B' D2 R2 D2",
          "L2 F R2 L U' R D' U2 F' R2 U2 L2 B' R2 F' R2 L2 F U' F R",
          "R L' U F' B U' R U' B2 L2 U2 L2 D2 B2 R2 D' R2 D B' R D2"
        ],
        [
          "F2 D' F' U' L2 B2 U' R' F2 B2 U R2 F2 R2 U B2 L2 D' R2 U2 R'",
          "F D2 L2 F2 R' F2 R2 U2 R B2 R U2 R F L' B' F D' F' D",
          "R2 D2 R' U2 R2 U2 B2 L U2 R' U2 R' U' R' D F' L2 B' U B D",
          "B' R2 F2 D' F2 D L F2 R2 L2 B' U2 L2 D2 B' D2 B' L2 F2 L D",
          "U L U2 B' L F U2 R D' R2 B2 R' B2 U2 R2 D2 L B2 R2 D2 L"
        ],
        [
          "B U R U2 R' U L F' L2 B' D2 R2 F D2 R2 L2 F R2 F' L B2",
          "L' U2 B' D2 R2 F' L2 F' L2 F2 U2 L2 B' D' L2 U' B U' R B' R'",
          "F2 L' R2 B2 L' B2 D2 L' B2 R' U2 D R' U' F U2 B2 L' B' D' U2",
          "R' B' L F2 R' U' F U R D F R2 L2 F' L2 F U2 F2 R2 B L2",
          "L D2 R' D' R2 B2 D' F' B2 L2 F2 U' D' B2 D' R2 B2 R2 B2 R'",
          "F D' B' U R' U F2 U' D2 F B2 R' D2 B2 R' B2 R' F2 D2 R' L'",
          "U' B U2 F L2 U2 L2 U2 B2 R2 F U2 B2 L' D' B R' F D2 B R2"
        ]
      ],
      "team1": {
        "currentIndex": 2,
        "names": [
          "Jimbo Cai",
          "Christian Tambriz",
          "Kavin Tangtartharakul"
        ],
        "scrambleIndex": 6,
        "status": {
          "competitorMayStart": false,
          "misscramble": false,
          "scrambleChecked": false
        },
        "teamName": "UC San Diego",
        "times": [
          [
            9.93,
            9.83,
            9.28,
            11.72
          ],
          [
            8.89,
            8.41,
            8.84,
            10.31
          ],
          [
            8.5,
            8.01,
            10.37,
            7.82,
            7.41,
            9.92,
            9.71
          ]
        ]
      },
      "team2": {
        "currentIndex": 2,
        "names": [
          "Nathan Smith",
          "William Vandergrift",
          "Andreas Lambropoulos"
        ],
        "scrambleIndex": 6,
        "status": {
          "competitorMayStart": false,
          "misscramble": false,
          "scrambleChecked": false
        },
        "teamName": "UNC Charlotte",
        "times": [
          [
            16.88,
            21.96,
            16.19,
            54.69
          ],
          [
            13.66,
            12.41,
            13.19,
            14.53
          ],
          [
            8.79,
            7.32,
            8.41,
            17.28,
            9.07,
            9.74,
            8.9
          ]
        ]
      }
    },
    {
      "matchDateTime":"2025-02-01T20:30:00",
      "matchId":"11",
      "watchLink": "kRamku0sPQk",
      "indexToDisplay": 2,
      "killSwitch": true,
      "refresh": false,
      "scrambles": [
        [
          "D2 R' F B D2 B L D' U2 F2 R2 D2 R' F2 D2 L' B2 R2 B2 U2",
          "R' L' B2 L B R F2 L U2 R2 F2 R2 U2 R2 D' B2 R2 L2 D2 L2 B",
          "F D L2 F B L' U2 F U B' D2 R U2 F2 L2 B2 D2 R' B2 L' U2",
          "U R2 L' D' R' F' B' L D U2 L2 B2 D2 B' D2 F' L2 F L2 D2 B2",
          "L' U2 D' R' F R2 F' U' F2 B2 L' F2 R D2 R2 U2 R' D2 L U2"
        ],
        [
          "L' F' B2 U2 R D2 L2 B2 R' D2 U2 B2 U2 R U' L R D F' L2 R'",
          "D2 F2 U' R2 D L2 R2 B2 L2 D' F2 D F U' L' R' D' B' U' R U'",
          "B R' L2 F2 U' B2 D' B2 D2 F2 D B2 U' B2 R' B U2 L2 R U' L",
          "L' D' B L F' D' L B U' R2 U2 B2 U2 F2 L2 U' R2 L2 B2 L2 F",
          "B2 L' U R' F' B' U R U2 B F2 L2 U2 F2 D' F2 U2 L2 U F2 U",
          "B R L2 D F U2 D' B' U2 R D2 F2 R D2 B2 R' U2 L2 D2 L F"
        ],
        [
          "B' U R2 F2 D2 R2 D L2 U2 R2 F2 D L2 F R D L' F' U' R D",
          "R L2 F' U' D F B' U' R F2 D' B2 U2 R2 B2 U R2 D' R2 F2 U'",
          "F' L' D' L2 B' U R F2 R2 B' U2 F R2 B R2 L2 F' L2 F2",
          "U' B R' U F L D R2 B' U D R2 B2 L2 B2 U' B2 U2 R2 F2 R2",
          "R' F R' L' D L F L2 U2 B2 L2 F2 L2 D' L2 D F2 R2 D2 R",
          "F D2 F' L2 D' B' L' F2 R' U2 B' L2 B' R2 B' L2 F' R2 D2 B D2",
          "D B' R2 D B R U B R' U' F2 R2 D' B2 D' F2 R2 F2 U2 R2 F2"
        ]
      ],
      "team1": {
        "currentIndex": 2,
        "names": [
          "Thiago Han",
          "Zachary Miller",
          "Chris Yen"
        ],
        "scrambleIndex": 5,
        "status": {
          "competitorMayStart": false,
          "misscramble": false,
          "scrambleChecked": false
        },
        "teamName": "Tufts University",
        "times": [
          [
            13.4,
            8.8,
            11.02,
            9.59
          ],
          [
            11.81,
            10.73,
            10.43,
            10.82,
            13.02
          ],
          [
            12.33,
            9.52,
            6.11,
            7.8,
            6.84
          ]
        ]
      },
      "team2": {
        "currentIndex": 2,
        "names": [
          "Jay Leveton",
          "Udit Krishnasai",
          "Dean Lockett"
        ],
        "scrambleIndex": 5,
        "status": {
          "competitorMayStart": false,
          "misscramble": false,
          "scrambleChecked": false
        },
        "teamName": "UMBC",
        "times": [
          [
            17.52,
            16.86,
            16.24,
            17.61
          ],
          [
            10.05,
            12.72,
            9.56,
            10.37,
            8.32
          ],
          [
            11.37,
            10.7,
            11.08,
            12.18,
            11.09
          ]
        ]
      }
    },
    {
      "matchDateTime":"2025-01-30T18:30:00",
      "matchId":"10",
      "watchLink": "9S-YxrmJDDY",
      "indexToDisplay": 2,
      "killSwitch": true,
      "refresh": true,
      "scrambles": [
        [
          "B U L2 B2 R2 U R' F' B' L' B2 D2 B L2 B U2 F L2 F R2 B'",
          "F' R D2 F R2 D' F B2 U2 D' F2 L2 D' F2 D F2 U R2 D F' L'",
          "F D L2 F B L' U2 F U B' D2 R U2 F2 L2 B2 D2 R' B2 L' U2",
          "U R2 L' D' R' F' B' L D U2 L2 B2 D2 B' D2 F' L2 F L2 D2 B2",
          "L' U2 D' R' F R2 F' U' F2 B2 L' F2 R D2 R2 U2 R' D2 L U2"
        ],
        [
          "L' F' B2 U2 R D2 L2 B2 R' D2 U2 B2 U2 R U' L R D F' L2 R'",
          "D2 F2 U' R2 D L2 R2 B2 L2 D' F2 D F U' L' R' D' B' U' R U'",
          "B R' L2 F2 U' B2 D' B2 D2 F2 D B2 U' B2 R' B U2 L2 R U' L",
          "L' D' B L F' D' L B U' R2 U2 B2 U2 F2 L2 U' R2 L2 B2 L2 F",
          "B2 L' U R' F' B' U R U2 B F2 L2 U2 F2 D' F2 U2 L2 U F2 U"
        ],
        [
          "L' U' F' R F2 D' F2 L' B U R2 U2 R2 F2 R2 F2 U2 R2 D' F2 U2",
          "R L2 F' U' D F B' U' R F2 D' B2 U2 R2 B2 U R2 D' R2 F2 U'",
          "F' L' D' L2 B' U R F2 R2 B' U2 F R2 B R2 L2 F' L2 F2",
          "U' B R' U F L D R2 B' U D R2 B2 L2 B2 U' B2 U2 R2 F2 R2",
          "R' F R' L' D L F L2 U2 B2 L2 F2 L2 D' L2 D F2 R2 D2 R",
          "F D2 F' L2 D' B' L' F2 R' U2 B' L2 B' R2 B' L2 F' R2 D2 B D2",
          "D B' R2 D B R U B R' U' F2 R2 D' B2 D' F2 R2 F2 U2 R2 F2"
        ]
      ],
      "team1": {
        "currentIndex": 2,
        "names": [
          "Shahir Latif",
          "Vishwa Sankar",
          "Justin Barker"
        ],
        "scrambleIndex": 6,
        "status": {
          "competitorMayStart": false,
          "misscramble": false,
          "scrambleChecked": false
        },
        "teamName": "Georgia Tech",
        "times": [
          [
            9.84,
            9.13,
            8.96,
            8.93
          ],
          [
            6.58,
            9.69,
            10.09,
            7.88
          ],
          [
            10.35,
            9.46,
            11.42,
            9.78,
            7.7,
            9.34
          ]
        ]
      },
      "team2": {
        "currentIndex": 2,
        "names": [
          "Joey Reindl",
          "Emery McFeeter",
          "Harsha Paladugu"
        ],
        "scrambleIndex": 6,
        "status": {
          "competitorMayStart": false,
          "misscramble": false,
          "scrambleChecked": false
        },
        "teamName": "Miami University",
        "times": [
          [
            16.31,
            20.63,
            17.84,
            17.72
          ],
          [
            9.1,
            11.92,
            14.84,
            15.08
          ],
          [
            13.53,
            9.4,
            10.03,
            12.43,
            15.08,
            10.28
          ]
        ]
      }
    },
    {
      "matchDateTime":"2025-01-25T20:15:00",
      "matchId":"7",
      "watchLink": "TBZqJVNXj1k",
      "indexToDisplay": 2,
      "killSwitch": true,
      "refresh": true,
      "scrambles": [
        [
          "R2 U2 R2 B' R2 U2 F2 L2 U2 B2 F' D' L R2 F' R' B U' B2 L2 F'",
          "F L2 D B' L2 B L F2 L2 F2 D F2 L2 U2 L2 U D2 L2 F2 L",
          "R2 L' B' L B D F' B D' R' L2 D B2 U R2 U D B2 R2 U F2",
          "L2 U' R B' U B2 D R L' D R2 L2 U2 B2 D' F2 R2 U' L2 F",
          "F' D2 F2 D2 R2 B2 L2 B2 U' F2 D' F2 L2 F L R D2 B L B' U2"
        ],
        [
          "F2 R L F R B U' F2 L' F2 D2 B2 D2 B' D2 R2 U2 D2 B' U2 L2",
          "L U2 B R2 D2 F R' D' F2 U2 L2 B2 R2 U L2 U R2 L2 B2 R B'",
          "U' D2 L' B U R' F L2 F R2 U D' R2 F2 D F2 R2 L2 F2 D F2",
          "B' D2 R' F D2 L' U D2 R D2 R2 B2 L' F2 R' B2 D2 B2 R2 B L2",
          "L U' B D' F' R F U2 B' F2 U' L2 U D2 F2 U' R2 F2 D B2 U"
        ],
        [
          "D2 L D' R' F2 R' D B R B2 D' B2 R2 D2 F2 U B2 D R2 D R2",
          "R' U F2 R2 L' F R D2 B R2 L' U2 F2 R' F2 B2 U2 L B2 R U2",
          "F2 D B' L' U' F' L' B2 D U2 R U2 L F2 R' D2 R U2 F2 U2",
          "U' B' L' U' B' R' L2 U F' L2 F2 R2 F D2 F' U2 D2 B U2 F' D",
          "B R2 B D2 F' R2 B L2 B L2 R2 D2 U' R' B2 L U' B F R2 F2",
          "B2 R' U' F' U2 D' B R D L2 D2 L' B2 U2 L' D2 B2 R2 B2 L D2",
          "F' U2 D F' U' D B' D' L B' R2 F B2 L2 B R2 D2 F2 R2 L2"
        ]
      ],
      "team1": {
        "currentIndex": 2,
        "names": [
          "Hamza Hafeez",
          "Yuki Nomura",
          "Jacob Marinas"
        ],
        "scrambleIndex": 6,
        "status": {
          "competitorMayStart": false,
          "misscramble": false,
          "scrambleChecked": false
        },
        "teamName": "UC Davis",
        "times": [
          [
            12.99,
            12.23,
            10.36,
            12.27
          ],
          [
            9.04,
            7.75,
            9.69,
            7.79
          ],
          [
            10.69,
            10.8,
            8.1,
            9.79,
            13.11,
            9.03,
            9.26
          ]
        ]
      },
      "team2": {
        "currentIndex": 2,
        "names": [
          "Jimmy Perera",
          "Tim Rinehart",
          "Ian Kleppinger"
        ],
        "scrambleIndex": 6,
        "status": {
          "competitorMayStart": false,
          "misscramble": false,
          "scrambleChecked": false
        },
        "teamName": "Rice University",
        "times": [
          [
            15.45,
            15.37,
            15.77,
            15.63
          ],
          [
            11.46,
            12.46,
            13.34,
            10.8
          ],
          [
            10.91,
            9.62,
            11.26,
            10.41,
            10.67,
            8.83,
            12.79
          ]
        ]
      }
    },
    {
      "matchDateTime":"2025-01-25T19:00:00",
      "matchId":"3",
      "watchLink": "i_v1K_u0luk",
      "indexToDisplay": 2,
      "killSwitch": true,
      "scrambles": [
        [
          "D2 L' B' L' D R2 F U2 R U2 F2 U' L2 D R2 D2 R2 B2 U R2 B2",
          "F U2 B U2 D' B L' D B R2 U R2 L2 F2 D' B2 D R2 D2 R2 F2",
          "R' D2 F2 D2 F D2 L2 F D2 B U2 F D' B2 F R' F2 D' B L2",
          "R2 D2 R' F' U2 D L' U2 L2 F B2 U2 F' R2 B R2 F' R2 U2 D B",
          "U2 F L F R' U' F2 L' F' L2 D' F2 B2 R2 D' R2 U L2 U2 R2 B2"
        ],
        [
          "D' F' R' U' D' L B L2 F' U' F2 D2 F' B' L2 U2 L2 D2 B' R2 B2",
          "F2 D' R2 F' R D' F2 D' L' U' R2 F2 U2 F2 D F2 U' L2 U' F2 U'",
          "U R' B' D L' F' R' U2 R2 D2 L2 B' L2 U2 F D2 R2 U2 F2 L' F'",
          "U' D B' D F' R2 B' L2 U2 D F2 U L2 F2 U B2 U' L2 D' R' F2",
          "U' R D2 F R' D' R' L D F2 U2 F R2 B U2 D2 L2 F D2 B2 R2"
        ],
        [
          "F2 B D' B' L' U2 D L F2 U' D' B2 D' F2 B2 R2 F2 R2 D' B",
          "B2 R' F' B2 D' R U R2 L F2 U2 F' L2 F' L2 U2 F2 D2 F' D2 F'",
          "B2 L U' F' D2 B' D' B' L B' U2 B R2 D2 R2 B2 D2 F R2 F L2",
          "R' D2 F2 U2 L2 D2 L2 B2 U2 F2 L' D' U' F' R B L B L' R'",
          "L2 F' D2 R2 U R2 U' F2 U' F2 U B2 L2 U' B' R U2 F' L' R' F",
          "R U B' D' L' F U2 R' U' F2 R' F2 R2 L' U2 L' D2 R F2 U2 F2"
        ]
      ],
      "team1": {
        "currentIndex": 2,
        "names": [
          "Marcus Kamen",
          "Thomas Pham",
          "Jonathan Tilahun"
        ],
        "scrambleIndex": 5,
        "status": {
          "competitorMayStart": false,
          "misscramble": false,
          "scrambleChecked": false
        },
        "teamName": "Vanderbilt University",
        "times": [
          [
            8.11,
            6.8,
            9.48,
            7.54
          ],
          [
            9.98,
            7.31,
            8.63,
            7.33
          ],
          [
            9.48,
            12.01,
            9.13,
            11.39,
            8.65
          ]
        ]
      },
      "team2": {
        "currentIndex": 2,
        "names": [
          "John Shidemantle",
          "Isak Danke",
          "Martin Albright"
        ],
        "scrambleIndex": 5,
        "status": {
          "competitorMayStart": false,
          "misscramble": false,
          "scrambleChecked": false
        },
        "teamName": "University of Alabama",
        "times": [
          [
            16.75,
            14.48,
            13.71,
            13.57
          ],
          [
            17.92,
            14.5,
            13.41,
            12.38
          ],
          [
            18.4,
            14.37,
            15.53,
            10.66,
            15.65
          ]
        ]
      }
    },
    {
      "matchDateTime":"2025-01-25T12:00:00",
      "matchId":"14",
      "watchLink": "LZbbuhfd_ao",
      "indexToDisplay": 2,
      "killSwitch": true,
      "refresh": false,
      "scrambles": [
        [
          "L2 U2 R2 B' R D' R B L' D' B2 R2 L2 D' R2 U2 D' B2 L2 B2 F",
          "U' B' F2 U' L2 B2 U' R2 U' F2 D' B2 U2 B2 L' B' L' U2 F' L R",
          "B U' R F' R' F' R D' B U' B2 L2 B2 L2 D2 F2 U2 D' L2 U' L2",
          "U' L' F2 U2 L F' R D' F U2 F L2 D2 L2 B' D2 F' L2 F",
          "U F2 D2 B2 R2 F2 U2 L2 D B2 R2 U F' D L B2 R F2 L2 D'"
        ],
        [
          "D' R2 U' R2 B2 D' B2 U F2 U' B2 R' F U2 R2 F' L B2 U' B' F",
          "L' F2 U' L2 B2 U' B2 L2 B2 L2 U2 R2 U' F' R' U F2 D' B' D2 L",
          "D B L D2 B R' U R F' U D2 B2 L2 U F2 L2 F2 D2 L2 U B2",
          "B L' F U' F2 U L' F R' L2 B2 U F2 D' L2 U' B2 D' R2 D' F2",
          "D2 B R' U2 B D F R D R2 L2 F B' L2 D2 F' D2 B' U2 R2 D2"
        ],
        [
          "B' L2 B2 D2 B2 D F R U2 L2 B2 L2 U' L2 U' R2 D F2 D2 L",
          "R' B L2 U' D' F' D' B2 L U2 F' R2 F' D2 B U2 B2 L2 D2 R2 F'",
          "B' R2 F2 R2 F' R2 F R2 B2 L2 F' L' U' B' D R2 F' U2 R' U'",
          "R U F' U' F U' L D L U2 R2 U2 R2 F' D2 F2 D2 B' R2 B2 D2",
          "L2 B2 R' F2 L' D2 U2 R' U2 L2 B2 D2 U' L U B2 L' B U F"
        ]
      ],
      "team1": {
        "currentIndex": 2,
        "names": [
          "Azhar Virani",
          "Jason Lee",
          "Jeremy Sheng"
        ],
        "scrambleIndex": 4,
        "status": {
          "competitorMayStart": false,
          "misscramble": false,
          "scrambleChecked": false
        },
        "teamName": "University of Texas at Austin",
        "times": [
          [
            11.82,
            10.5,
            10.1,
            8.32
          ],
          [
            7.15,
            7.69,
            7.3,
            9.05
          ],
          [
            8.82,
            9.21,
            7.59,
            9.78
          ]
        ]
      },
      "team2": {
        "currentIndex": 2,
        "names": [
          "Xen Gaerlan",
          "Joshua Winston",
          "Max Young"
        ],
        "scrambleIndex": 4,
        "status": {
          "competitorMayStart": false,
          "misscramble": false,
          "scrambleChecked": false
        },
        "teamName": "Mississippi State University",
        "times": [
          [
            45.14,
            -1,
            45.35,
            -1
          ],
          [
            30.38,
            31.86,
            40.14,
            26.95
          ],
          [
            13.93,
            12.73,
            10.76,
            10.86
          ]
        ]
      }
    },
    {
      "matchDateTime":"2025-01-18T15:00:00",
      "matchId":"6",
      "watchLink": "0ocFHbVADRw",
      "indexToDisplay": 2,
      "killSwitch": true,
      "refresh": false,
      "scrambles": [
        [
          "F2 D2 L B2 D B2 R' F' U2 L2 B2 U F2 L2 D' B2 U' L2 U2 R'",
          "F D R2 L' B R' L' B D L R2 U F2 U' B2 L2 U B2 U R2 U2",
          "R' F R2 D2 B' R2 B L2 B' R2 B' D2 F D R B2 L R F U B2",
          "D B R' F2 U D2 L D2 F2 U L2 U L2 U L2 D B2 U' F U' F2",
          "R2 U' R F' D2 B L U R L F2 L F2 B2 L' F2 B2 R2 F2 U F'"
        ],
        [
          "D2 B U' F R2 U2 L' F U' B2 R B2 L F2 R B2 D2 B2 L2 U2 D",
          "D L' F' D' B D R' L2 U F2 U2 L D2 B2 R L2 F2 L2 B2 D2",
          "B' L U2 F B2 D B' L2 F D F2 D R2 L2 U F2 D B2 U' L2 U2",
          "D2 L2 U F' L D' B2 U' B' L2 U2 L2 B2 L2 B2 U' D2 L2 F2 D B2",
          "D' R2 L' D2 F2 D' B' R' U' F U' L2 F2 D F2 U' D2 R2 F2 U"
        ],
        [
          "U R2 B2 L2 B2 D' L2 R2 F2 U B2 D' B F' D F2 D' L' B2 D U",
          "D' F' D' B' R' D B2 U F2 B D2 F' L2 B' D2 R2 U2 F2 L2 R' U'",
          "D2 R2 D L2 U2 R2 U' B2 D' F2 U' B2 R' U' F L2 D2 R' B' F D'",
          "R2 B' R' U L2 F2 D B U2 R D2 F2 R' B2 D2 B2 U2 R U2 L D",
          "B2 U F2 L U B R F U2 R' D2 L' D2 F2 D2 R2 U2 R2 L U2 F'"
        ]
      ],
      "team1": {
        "currentIndex": 2,
        "names": [
          "Yan Myo Aung",
          "Alan Kuo",
          "Shawn Zhuang"
        ],
        "scrambleIndex": 4,
        "status": {
          "competitorMayStart": false,
          "misscramble": false,
          "scrambleChecked": false
        },
        "teamName": "UCLA",
        "times": [
          [
            11.67,
            9.07,
            9.26,
            9.73
          ],
          [
            8.13,
            9.25,
            9.76,
            9.24
          ],
          [
            8.01,
            7.21,
            9.46,
            10.35
          ]
        ]
      },
      "team2": {
        "currentIndex": 2,
        "names": [
          "Liv Coverdale",
          "Jack Waterman",
          "Richard Peng"
        ],
        "scrambleIndex": 4,
        "status": {
          "competitorMayStart": false,
          "misscramble": false,
          "scrambleChecked": false
        },
        "teamName": "University of Southern California",
        "times": [
          [
            22.19,
            20.06,
            14.1,
            17.89
          ],
          [
            15.19,
            16.57,
            12.01,
            11.8
          ],
          [
            10.91,
            10.12,
            11.31,
            11.51
          ]
        ]
      }
    },
    {
      "matchId": "5",
      "matchDateTime":"2025-01-16T20:00:00",
      "watchLink":"CfhXv5BNRMM",
      "indexToDisplay": 2,
      "killSwitch": false,
      "refresh": false,
      "scrambles": [
        [
          "D2 F' D2 L F B R D' F D2 L2 U2 F' D2 L2 B' U2 F' D2 F2 D",
          "F' R' B R2 L2 F U2 L2 U F2 L2 B' L2 B R2 B2 D2 F' L2 F2 D2",
          "F D' L2 D' L2 U R2 F2 D R2 D F2 U2 F L D L2 R' B' U' B'",
          "U' F' U' L2 D' B2 R2 L B' D F2 U R2 U2 L2 B2 D B2 D' F2 D2",
          "U' B' R' B2 L F R2 F' R2 U B2 L2 B2 U' B2 U2 L2 U L2 D2 L'",
          "R' D F2 L2 D' L2 R2 D' L2 B2 D2 F2 D' L B' U' L D' L2 B2 R'",
          "L F L2 F' B U L U2 B2 D R2 D2 L2 F2 D' R2 B2 L2 U2 B U'"
        ],
        [
          "R2 D2 R2 F D2 L2 B R2 D2 F R2 U2 L' B2 U L2 D2 R' B U2",
          "F2 R2 B' U2 L U R2 D U2 B2 U2 R2 F2 U2 B' R2 B R2 U2 B L",
          "L2 R2 F2 D2 F U2 F' U2 F' R2 B2 R D' F U2 L D L' U B2",
          "R U R2 U' R2 L F L2 B R U L2 U2 B2 D' L2 D' R2 B2 R2 B2",
          "R' U F R F2 R U' F D' U2 F2 R' B2 D2 L' U2 R L U2 F2 L2",
          "L' B2 R' B R2 U' R2 F2 R' U' F2 L2 D F2 B2 D2 L2 F2 L2 B2",
          "D B L2 B2 R' U F R D F2 U2 D2 B D2 L2 U2 B D2 F U2 B"
        ],
        [
          "L U F2 D2 B' D2 R U F2 R2 U R2 L2 U B2 U2 D' F2 D F L",
          "R2 D B2 D R2 F2 U F2 U' B2 D B2 F' R2 D' F' L U L2 U F2",
          "B' D' F' B U F' U2 R2 L U2 F' D2 R2 L2 B R2 B' D2 R2 F L2",
          "D F R L F B L' D2 R' U2 B2 R2 U L2 D L2 B2 D' B2 D2 L",
          "U L' F' B R' B2 D B D' B2 U B2 D2 B2 L2 F2 B2 U R' F'",
          "L2 F' R2 U2 R2 B U2 F' L2 F D2 B2 U' L' D2 B U L2 R2 B' U'"
        ]
      ],
      "team1": {
        "currentIndex": 2,
        "names": [
          "Thomas Schmidt",
          "Brian Zhong",
          "Mulun Yin"
        ],
        "scrambleIndex": 5,
        "status": {
          "competitorMayStart": false,
          "misscramble": false,
          "scrambleChecked": true
        },
        "teamName": "UC Santa Barbara",
        "times": [
          [
            13.44,
            10.66,
            12.14,
            14.44,
            13.85,
            14.52
          ],
          [
            12.48,
            9.67,
            10.28,
            9.38,
            11.22,
            -1
          ],
          [
            10.46,
            7.46,
            9.67,
            7.3,
            9.09
          ]
        ]
      },
      "team2": {
        "currentIndex": 2,
        "names": [
          "Aria Querubin",
          "Jason Ostdiek",
          "Michael Larsen"
        ],
        "scrambleIndex": 5,
        "status": {
          "competitorMayStart": true,
          "scrambleChecked": true
        },
        "teamName": "University of Nevada Reno",
        "times": [
          [
            13.78,
            16.01,
            18.47,
            14.13,
            13.34,
            16.85
          ],
          [
            9.98,
            8.32,
            8.93,
            12.04,
            13.84,
            10.35
          ],
          [
            -1,
            12.15,
            8.71,
            9.27,
            13.42
          ]
        ]
      }
    },
    {
      "matchId": "13",
      "watchLink": "Fo2yYhLZbIQ",
      "matchDateTime": "2025-01-16T18:00:00",
      "indexToDisplay": 2,
      "killSwitch": true,
      "refresh": true,
      "scrambles": [
        [
          "B2 D2 B2 L D2 R B2 L' F2 D2 R' U' B L' U R2 U' L' F L'",
          "F' L' F D' L2 U2 F' D' F R2 F R2 D2 B D2 F R2 D2 R2 B' U",
          "F R' D' R F2 R L F2 U' F2 R2 F' U2 R2 B2 L2 U2 R2 B U2 L",
          "U R2 L' F D2 B' R' L' B F2 U2 B2 D2 R2 B2 U' R2 D B2 U2 B2",
          "U' L2 D2 L2 F R2 D2 B' R2 U2 R2 F2 D2 U' L2 R' D F' L D2 B",
          "U' F U' B L' U' F' U2 R2 L2 U' F2 U' F2 R2 U L2 B2 D' R B2"
        ],
        [
          "L' U2 R2 L' F' B R2 U L' D F R2 U2 F2 B U2 D2 B U2 R2 U2",
          "U' L U R U2 F' U D' R2 B2 D' R2 B2 D F2 R2 U2 L U2 F",
          "B D2 B U2 F L2 D2 B D2 B' F' U2 L' B D L' B2 U L2 R' U'",
          "D B D' B R F2 L' U F' D F2 R2 L2 D' B2 D' R2 F2 D2 F2",
          "L' B2 U' B R L' F U2 F2 D R2 U' D2 F2 U' B2 F D2 L",
          "L D2 B U' D R' B' R2 B' U' L2 B2 U' B2 D2 F2 U' R2 U' B2 D"
        ],
        [
          "B2 L2 U R' U' D' R2 L' B' F2 D2 R' B2 R U2 R' F2 D2 L D2",
          "U F L B R2 F L' F2 D' B2 D2 R2 U' L2 B2 L2 D2 F2 B2 L' B",
          "L B' R U' B' U2 L2 B L' B2 U F2 B2 L2 U' F2 U2 F2 R2 U2 R2",
          "D' R D F' U2 L2 B' U' L2 U2 L2 B2 D F2 D R2 D2 L2 U2 R' U'",
          "B2 L2 D2 B U2 L2 R2 F2 R2 U2 L2 F2 U' L2 R' F2 D R2 B' D' R'",
          "L2 F' B U L' B R F' U2 F2 L2 F' R2 B' D2 B' R2 D2 B2 D",
          "R2 F2 R2 U2 F R2 U2 F D2 L2 B' D' R F L U R B F2 D R'"
        ]
      ],
      "team1": {
        "currentIndex": 2,
        "names": [
          "Jed Silverman",
          "Sameer Chawla",
          "Sanzhar Beisembayev"
        ],
        "scrambleIndex": 6,
        "status": {
          "competitorMayStart": false,
          "misscramble": false,
          "scrambleChecked": false
        },
        "teamName": "University of Maryland",
        "times": [
          [
            10.85,
            11.68,
            13.21,
            15.56,
            12.09
          ],
          [
            10.35,
            10.23,
            9.94,
            10.06,
            10.94
          ],
          [
            8.54,
            8.4,
            9.25,
            7.89,
            11.15,
            7.05
          ]
        ]
      },
      "team2": {
        "currentIndex": 2,
        "names": [
          "Collin",
          "Owen",
          "Will"
        ],
        "scrambleIndex": 6,
        "status": {
          "competitorMayStart": false,
          "misscramble": false,
          "scrambleChecked": false
        },
        "teamName": "Florida State University",
        "times": [
          [
            11.12,
            14.27,
            13.4,
            14.45,
            12.55
          ],
          [
            10.68,
            10.94,
            10.93,
            9.02,
            13.41
          ],
          [
            9.82,
            -1,
            8.32,
            8.94,
            7.78,
            8.59
          ]
        ]
      }
    }
  ]
}
